f1,f2,f3,f4,f5,f6,f7,f8,f9,f10,f11,f12,f13,f14,f15,f16,f17,f18,f19,f20,f21,f22
39.31701272,1.19674523,2.241101314,2.241101314,80.33100553,11.43705143,0.745569896,1.088569159,5.185671937,2.932443468,2.919795153,1.666657314,39.45767467,22.22377167,102.3764729,4.571497809,1.19674523,1.856581408,-1.471619691,2.522364094,3.171635267,3.232901069
45.28263499,0.521712495,2.676869051,2.676869051,86.6784091,6.810678506,0.48480328,1.25064842,4.435248362,3.01300596,3.011289282,1.800720165,45.07044698,23.93401765,126.499484,4.095095168,0.521712495,1.389756157,-1.666477952,2.536379249,3.196525036,3.242044674
34.52978551,0.53020015,2.697437921,2.697437921,157.5573603,18.76284946,0.478828408,1.491302092,4.234447276,3.018466559,3.01572297,2.133500125,34.37577051,20.78697469,93.51974595,3.892691647,0.53020015,1.390581144,-1.610551517,2.468426197,3.197351127,3.241931963
31.21080715,0.339883402,2.544476455,2.544476455,70.60469819,9.618474135,0.298063973,2.269281269,2.637145632,3.107215415,3.105149956,2.706621773,31.02582454,19.9444725,97.45276286,2.404378514,0.339883402,1.009670011,-1.516818736,2.034436819,3.217328926,3.244848107
18.88905256,0.850841751,2.596456429,2.596456429,242.3659824,32.81568095,0.582422995,1.851568924,3.918497813,2.998085666,2.984992357,2.437129006,19.001923,14.95479486,48.44945315,3.432223936,0.850841751,1.573510068,-1.545857439,2.345803325,3.188123561,3.237462665
14.20363512,0.589099327,2.677793832,2.677793832,322.5648167,31.01902387,0.44840535,1.743069727,3.728200238,3.044970617,3.0393861,2.339624641,14.26576907,12.9144142,34.03807178,3.384725869,0.589099327,1.331890739,-1.631492736,2.364936315,3.201627168,3.241273232
13.39859085,0.275522197,2.54306052,2.54306052,88.99949005,9.808599219,0.217684562,2.568257024,1.883956968,3.149350761,3.146941483,2.884355905,13.32252778,12.95200617,41.04916469,1.723230621,0.275522197,0.796863519,-1.634712779,1.849101485,3.226420399,3.245880382
10.53238247,0.508618593,2.732736505,2.732736505,248.1653148,23.53115953,0.399580683,1.344520644,3.788942542,3.064610898,3.060789293,1.76970944,10.58552615,10.93081276,22.85244399,3.503081863,0.508618593,1.234937215,-1.852822667,2.525413013,3.206715748,3.242446086
13.68818431,0.197572952,2.605894654,2.605894654,84.41438377,9.820476912,0.139894314,2.854052586,1.255164612,3.188324994,3.185820707,3.044622147,13.57317219,13.14406566,46.1188053,1.141445569,0.197572952,0.55609103,-1.781488431,1.645442891,3.235064553,3.247076416
6.780767552,0.372293927,2.840776658,2.840776658,293.0942814,30.88093319,0.26904851,1.85726056,2.970719355,3.129588166,3.125584182,2.374409216,6.836202184,8.44894937,15.51056799,2.754108691,0.372293927,0.926683288,-2.080664592,2.466338994,3.221173529,3.244510861
6.852473812,0.396028183,2.871011973,2.871011973,402.7123015,41.09341168,0.257207881,2.000602441,2.776751372,3.140819174,3.135061985,2.49279056,6.916354205,8.344497444,16.58058455,2.587317396,0.396028183,0.872091364,-2.209329573,2.483827303,3.222869438,3.244211399
13.26367845,0.248685933,2.515563097,2.515563097,85.25257219,8.939642432,0.178087979,2.687555567,1.592415496,3.170056091,3.16769253,2.951931351,13.175718,12.91924336,42.43631356,1.448122053,0.248685933,0.67628499,-1.67764737,1.752191697,3.230925756,3.246361741
5.38407688,0.344467826,2.763632304,2.763632304,288.573312,29.76329489,0.228437149,2.440781055,2.032555979,3.151125634,3.146923193,2.803610176,5.435410607,7.570262813,14.27282176,1.863601559,0.344467826,0.798931391,-1.907674029,2.051363453,3.225800004,3.244998684
6.375442699,0.402861953,2.859982843,2.859982843,476.9106167,46.68565039,0.241753959,2.264877525,2.37702164,3.151221344,3.144909663,2.688120402,6.44611302,7.983202394,16.60164189,2.195933102,0.402861953,0.81177707,-2.177654943,2.343978352,3.224806819,3.244171385
5.043738309,0.377403666,2.657296668,2.657296668,273.6531062,27.77797095,0.238240429,2.54682143,1.809305762,3.147515952,3.143931692,2.868778838,5.113226477,7.389615289,13.84433524,1.663913082,0.377403666,0.812416819,-1.714652236,1.838216261,3.224898807,3.244612211
5.259181319,0.352447313,2.820878018,2.820878018,440.7347969,42.86265304,0.185730764,2.816622821,1.359045333,3.180643758,3.173745755,3.023933782,5.322065446,7.304511161,16.3285592,1.229396526,0.352447313,0.608441259,-2.066178847,1.838933781,3.231110758,3.244927458
52.9340722,0.544040716,2.61292547,2.61292547,71.81364257,7.153871485,0.518875483,1.418435563,4.462010869,2.994438079,2.993078782,2.085707382,52.60690526,25.95507077,152.0357727,4.09509969,0.544040716,1.439267889,-1.531597233,2.455747245,3.192619064,3.241673256
30.1388016,0.399490273,2.70197458,2.70197458,142.1433806,16.10029487,0.352539282,1.983859356,3.225734022,3.080598812,3.078425458,2.517555181,29.94765287,19.46905942,88.01042636,2.977496044,0.399490273,1.133321035,-1.64657868,2.2860065,3.211327453,3.243944629
22.82163767,0.562847612,2.749650912,2.749650912,247.8405899,27.38084684,0.484779898,1.188717725,4.262264353,3.019196206,3.015416823,1.496051565,22.78327992,16.63159995,56.43126062,3.923668422,0.562847612,1.407807896,-1.693423116,2.520661239,3.196968437,3.24148685
17.10587199,0.551926674,2.550066892,2.550066892,154.7670104,19.78728763,0.426540092,1.93023458,3.356157178,3.054338134,3.048638928,2.477897805,17.12995574,14.46877728,45.1362705,2.985970483,0.551926674,1.290542554,-1.484043551,2.174682425,3.20390568,3.241810578
6.448550318,1.089686993,2.448563996,2.448563996,488.8666181,54.53724922,0.437298915,2.568351909,2.050739244,3.10637699,3.091880209,2.886014466,6.870854114,7.89332211,18.90957573,1.862862965,1.089686993,1.073669891,-1.979621874,2.090717857,3.207748418,3.235315194
14.28541277,0.268089849,2.713261426,2.713261426,179.2828588,19.22455446,0.183531301,2.727014778,1.633859885,3.168953683,3.166060521,2.975503492,14.20699353,13.30122677,45.88622574,1.491508894,0.268089849,0.689509798,-1.743310532,1.805676582,3.230450971,3.246124242
12.81769391,0.407047325,2.782855416,2.782855416,276.8367401,25.94244085,0.314136738,1.916077606,3.016576762,3.106568774,3.102174275,2.439927048,12.81204428,12.28383994,32.89710521,2.80503078,0.407047325,1.044700033,-1.875658234,2.362533071,3.216082489,3.243918342
13.76733851,0.475043646,2.829537577,2.829537577,447.826007,41.64134321,0.323977429,1.932292223,3.121090228,3.107932411,3.102625181,2.457786195,13.7886757,12.57959222,35.7217363,2.894149377,0.475043646,1.050001432,-1.929049424,2.418044862,3.215543718,3.243070226
14.0040669,0.266937897,2.618892393,2.618892393,136.5077807,14.81224278,0.195825539,2.706170566,1.650807111,3.161608264,3.158922724,2.963711186,13.91933278,13.22399613,44.73613385,1.504660524,0.266937897,0.7319183,-1.579970281,1.715354142,3.22896971,3.246069733
12.7746633,0.420187991,2.800881466,2.800881466,324.3387981,29.67342133,0.305675583,1.880914265,3.047912674,3.112431127,3.10834893,2.406601509,12.76967332,12.20957258,32.68507068,2.836458046,0.420187991,1.016193893,-1.924394268,2.400992907,3.217210586,3.243812133
13.61302843,0.224158249,2.657692,2.657692,112.2083137,12.11679333,0.157466642,2.749300093,1.491739448,3.179923567,3.177719735,2.986952862,13.51130672,13.05580185,44.23083743,1.372330058,0.224158249,0.614258379,-1.8109267,1.780594915,3.233180798,3.246722347
9.854802656,0.442093777,2.874479613,2.874479613,403.52427,37.13064146,0.328965582,1.330835026,3.723880151,3.100620038,3.096505872,1.476890822,9.90003213,10.30262813,21.44097888,3.500294263,0.442093777,1.078540018,-2.084960415,2.639889197,3.2146078,3.243474539
9.018418755,0.415932473,2.95981504,2.95981504,593.1943204,56.66000288,0.284435403,1.534937843,3.470245058,3.126147145,3.120932005,2.009974747,9.07906323,9.471821611,20.68850063,3.278575812,0.415932473,0.948074838,-2.295344651,2.693767475,3.219771052,3.243879392
12.70258916,0.357990398,2.6109936,2.6109936,163.5635406,14.57761205,0.258136925,2.228225499,2.42763782,3.132555493,3.130023376,2.668086732,12.66650288,12.47581993,35.62612071,2.222505119,0.357990398,0.899788161,-1.762542851,2.125331423,3.222286798,3.244820044
7.530669348,0.367170158,2.927835641,2.927835641,493.5033449,46.37714041,0.236016024,1.795090174,2.995687785,3.148437071,3.144710623,2.300645342,7.570647719,8.732639668,17.71295085,2.839486017,0.367170158,0.818897657,-2.307495855,2.593604345,3.22509407,3.244702202
6.786521075,0.380440205,2.949738795,2.949738795,708.2347725,65.6815432,0.233966205,2.356719424,2.295239909,3.152593294,3.147399778,2.751538533,6.845718401,7.999978177,18.41192191,2.137496657,0.380440205,0.79853486,-2.176021341,2.314115998,3.22550871,3.244495687
39.35797793,0.584935778,2.651598576,2.651598576,100.0936892,12.0668457,0.558227335,1.103001624,4.750082879,2.975019355,2.973557177,1.567611298,39.20085961,22.24446003,104.3602215,4.344483019,0.584935778,1.501379845,-1.559070325,2.514641585,3.188263783,3.241046196
17.82143815,0.40958193,2.876590849,2.876590849,357.9177372,39.43674478,0.332187617,1.960025172,3.284154972,3.095465847,3.091645623,2.493566841,17.77534374,14.53332242,47.28276102,3.049895021,0.40958193,1.088530802,-1.865475591,2.423093699,3.213917731,3.243841459
16.76299258,0.332444819,2.812791948,2.812791948,217.1214872,25.25641216,0.273260382,2.148237061,2.744384616,3.121976244,3.119216512,2.617979174,16.66991021,14.28464584,47.11610677,2.52985134,0.332444819,0.949730087,-1.821106174,2.251954355,3.220263415,3.245004911
14.31413206,0.394882467,2.842460038,2.842460038,379.3087779,36.57612819,0.304359958,2.152609388,2.848229589,3.11062261,3.106727909,2.625992954,14.2893926,12.97030022,38.89471931,2.613462259,0.394882467,1.019216844,-1.818680535,2.285240547,3.217129759,3.244119536
15.46305805,0.362186682,2.913123217,2.913123217,433.190984,43.9508112,0.277971069,2.291930704,2.684073516,3.123711004,3.119436027,2.720440516,15.42681457,13.44322235,43.59238951,2.480231873,0.362186682,0.94787588,-1.945593594,2.307769473,3.220017584,3.244579876
14.63543148,0.224904913,2.83356324,2.83356324,197.7199336,21.78961923,0.163821861,2.753316348,1.586953622,3.176399333,3.174077219,2.990112545,14.52812347,13.42907314,47.39806775,1.454475067,0.224904913,0.635763683,-1.872504182,1.865588903,3.232428525,3.246681701
17.76414609,1.051038159,2.546232929,2.546232929,433.620189,52.00463119,0.534493079,2.274975996,2.891703831,3.055641679,3.034407969,2.713447749,18.05996016,14.36450929,51.29615813,2.588234936,1.051038159,1.320678695,-1.943421687,2.350168521,3.196031206,3.234902583
15.45498815,0.368462402,2.934479352,2.934479352,505.8472353,49.65569843,0.265192044,2.271286702,2.692747386,3.132425204,3.127731014,2.705207944,15.42508586,13.36793241,43.65191256,2.484546128,0.368462402,0.906720192,-2.055831771,2.372861755,3.221628563,3.244533122
14.63130378,0.221293179,2.860179281,2.860179281,214.3287683,23.16601914,0.156462776,2.748069867,1.594377977,3.180638821,3.178191134,2.98712433,14.53178918,13.40454545,47.29832782,1.46835766,0.221293179,0.607410053,-1.984616009,1.919933057,3.233287467,3.246741055
14.84816529,0.293255082,2.910507301,2.910507301,371.6410763,36.9634312,0.207153323,2.521379079,2.109156587,3.15964701,3.155033514,2.857165794,14.78673276,13.29391601,45.15442208,1.914171108,0.293255082,0.746882931,-2.09157387,2.199360948,3.227912338,3.24563694
10.02341314,0.482243734,2.958688627,2.958688627,695.5495099,66.32341726,0.370303342,1.369919267,3.962452397,3.08207993,3.076042368,1.828094214,10.10228401,9.925874486,22.33569557,3.663231364,0.482243734,1.160826291,-2.078814034,2.673266397,3.210064418,3.24277289
14.68072391,0.304037286,2.927164797,2.927164797,406.6808239,39.37497478,0.213330839,2.400890572,2.321825132,3.156750114,3.152405225,2.782733196,14.62803467,13.15208567,43.2264068,2.123814967,0.304037286,0.766778245,-2.142639692,2.304202265,3.227263157,3.245493494
12.68828096,0.458981793,2.970312426,2.970312426,693.6169976,62.89837109,0.338873301,1.371769211,3.94980011,3.098113855,3.092574199,1.811736189,12.71368803,11.54628694,29.20973234,3.684742239,0.458981793,1.095171879,-2.183843862,2.732839215,3.21362213,3.243171164
14.89125047,0.256646714,2.800180824,2.800180824,230.1826346,24.51201261,0.185337947,2.722959225,1.652337472,3.167322271,3.164461903,2.973115413,14.80886292,13.53627946,48.05065986,1.495902473,0.256646714,0.69459524,-1.749025012,1.804430396,3.23015331,3.246201628
14.31800723,0.33516648,2.921225747,2.921225747,444.1235632,41.38788656,0.236450929,2.225143271,2.602545057,3.146227969,3.141646091,2.667407096,14.28456764,12.91624267,40.41040656,2.383655641,0.33516648,0.831592094,-2.143569524,2.395320444,3.22477605,3.245033805
9.020152139,0.409988777,3.020879054,3.020879054,992.7120826,89.11581507,0.26026936,1.814937455,3.200845719,3.142009602,3.134837262,2.336340254,9.081997424,9.066903604,22.68240462,2.957105816,0.409988777,0.862044247,-2.374693217,2.672844627,3.222676635,3.243974697
45.20389544,0.555142474,2.70431352,2.70431352,127.795074,13.69935727,0.532181382,1.166925623,4.5887012,2.987736158,2.986205418,1.659960718,45.06177933,23.86964553,125.1007536,4.200504787,0.555142474,1.467149338,-1.603284664,2.521292113,3.191123859,3.241490515
19.25007015,0.455091034,2.87877881,2.87877881,329.9257119,37.30904788,0.40895997,1.550310753,4.040895496,3.052952883,3.050133121,2.155133121,19.19634635,15.07835142,47.17577348,3.723065922,0.455091034,1.257917491,-1.81617882,2.557400248,3.205066373,3.243068409
17.61478364,0.393496695,2.932176631,2.932176631,434.8073827,47.20382303,0.326303155,2.035180542,3.296664863,3.09783457,3.093567777,2.554364634,17.56386315,14.33371992,46.96223847,3.028557039,0.393496695,1.073664071,-1.889899211,2.445612916,3.214485531,3.2440434
21.43466766,0.710690236,2.672296235,2.672296235,257.3923604,29.55842608,0.58038097,1.217919647,4.66260258,2.979741343,2.972840441,1.781536039,21.47755914,16.04140479,50.78353754,4.150165462,0.710690236,1.591319476,-1.565445859,2.497907589,3.1869178,3.239293421
16.92123862,0.319374299,2.962780046,2.962780046,465.4726163,48.8205205,0.244845055,2.363489896,2.555835882,3.139424985,3.135030397,2.764401733,16.85583378,14.09300256,49.32943355,2.349264559,0.319374299,0.862512933,-1.989443568,2.295434052,3.223609181,3.24520386
16.39556834,0.370666542,2.972363138,2.972363138,579.3332715,57.74819889,0.283217982,2.205231518,2.93961117,3.122667259,3.117135865,2.666941015,16.36097099,13.69007981,45.39840361,2.708139004,0.370666542,0.952896883,-2.007479142,2.413558021,3.219495749,3.244424539
19.58474872,0.409408904,2.867740334,2.867740334,285.8703486,32.3473042,0.35733882,1.584118469,3.697426591,3.07906111,3.07644165,2.151636738,19.51459233,15.31903604,50.14445939,3.415306127,0.409408904,1.147611516,-1.869348844,2.516674428,3.210849343,3.243803744
16.74650362,0.366956603,2.990747201,2.990747201,656.2213092,65.00988055,0.26555992,2.301216749,2.742627,3.133438292,3.127359708,2.727310138,16.71525209,13.79349046,47.87294391,2.52672936,0.366956603,0.89898411,-2.067560697,2.390525545,3.221603458,3.244511309
17.29204078,0.374828532,2.855198068,2.855198068,303.4430231,34.93337325,0.286204639,2.174553692,2.79832183,3.118453776,3.115327861,2.639738434,17.25152312,14.39503679,48.83172281,2.567330307,0.374828532,0.971142435,-1.866438987,2.28877679,3.219097607,3.244466659
16.81143534,0.301013219,2.999134325,2.999134325,565.0589114,56.67172807,0.213895124,2.44692958,2.379172033,3.155658696,3.151764247,2.81527466,16.7444225,13.97202581,50.14721381,2.196462975,0.301013219,0.770862056,-2.139021135,2.320302219,3.227155468,3.245541086
16.14345617,0.400448934,2.993326023,2.993326023,730.2129942,69.57606956,0.286291932,2.078113125,3.107814179,3.12398821,3.118269734,2.576307831,16.13508107,13.40115351,43.80343475,2.87633263,0.400448934,0.95846437,-2.101571797,2.507508469,3.21941233,3.244047407
26.02004458,0.536984038,2.712105048,2.712105048,216.8667909,21.90735519,0.482513406,1.349559409,4.100311337,3.016587947,3.01419036,1.903762938,25.98674333,17.90720788,67.87701808,3.721021321,0.536984038,1.388596223,-1.606987326,2.423880899,3.196962719,3.241847339
16.3933034,0.31733695,2.986096652,2.986096652,598.7036867,58.64718821,0.216772665,2.502721047,2.266840108,3.155698315,3.151621682,2.848416261,16.33748313,13.77806148,49.53605753,2.087122589,0.31733695,0.774268053,-2.075096584,2.246026183,3.226965685,3.245332175
15.14237904,0.445972066,3.011122943,3.011122943,892.4520741,81.25020643,0.310899115,1.667678209,3.657317293,3.11380978,3.108057738,2.225776281,15.15387754,12.66518581,37.96567711,3.419404872,0.445972066,1.017800458,-2.193510552,2.682936339,3.216877608,3.243413705
16.70471069,0.341741489,2.87313256,2.87313256,361.8663102,38.27575495,0.258040279,2.336503012,2.478214083,3.13194512,3.129025825,2.744679823,16.63623955,14.15172403,49.02301046,2.264245014,0.341741489,0.900162643,-1.826177978,2.16978715,3.222180015,3.244956911
15.63285634,0.339415763,2.971302074,2.971302074,610.8488115,57.64458862,0.220139668,2.388074383,2.412088272,3.155387205,3.151317514,2.776781706,15.59386134,13.40776593,45.92663841,2.241175119,0.339415763,0.780888962,-2.133693959,2.329105055,3.226747296,3.24509268
56.85037567,0.543559047,2.748820882,2.748820882,162.9365651,20.22404563,0.488439955,1.526415047,4.3827387,3.013924092,3.011291932,2.18423276,56.54016353,26.82757202,166.6788832,4.010937993,0.543559047,1.408976843,-1.615069818,2.500513438,3.196316057,3.241741685
26.59011566,0.547362514,2.886902554,2.886902554,400.9582308,41.73536382,0.491373613,1.1638601,4.686338637,3.013644677,3.009912084,1.624278277,26.54131299,17.81653885,65.3875819,4.308011193,0.547362514,1.417489575,-1.780504522,2.646590711,3.196025031,3.241655041
18.57436089,0.444065657,2.980416929,2.980416929,638.3083147,66.44461811,0.373467702,1.849561934,3.790476925,3.075011041,3.070325945,2.429077815,18.52224047,14.47962807,47.51575674,3.471990796,0.444065657,1.177729475,-1.92519421,2.569474556,3.209287491,3.243264658
19.00584861,0.446865258,2.943113697,2.943113697,562.5824698,59.07643342,0.374749034,1.846721284,3.609902413,3.074326469,3.069837106,2.414400175,18.97626947,14.80846583,49.80189699,3.293259932,0.446865258,1.177885712,-1.849366227,2.476951382,3.209154791,3.243231997
17.64133308,0.511768924,2.958229814,2.958229814,741.6824299,73.78534448,0.418197406,1.841862229,3.83905884,3.05573118,3.050258449,2.425224467,17.66301697,13.98969011,44.93241401,3.467639056,0.511768924,1.26488761,-1.848532663,2.521623797,3.204554751,3.242275171
23.81400424,0.453633558,2.888221291,2.888221291,282.1606437,31.23428109,0.400032735,1.210059242,4.290597453,3.057896091,3.055343715,1.426371742,23.73025693,16.91378445,59.1968066,3.975500004,0.453633558,1.237632232,-1.928028452,2.659032894,3.206122731,3.243122491
18.24776468,0.466024442,2.928578941,2.928578941,590.7998929,61.14249965,0.393197406,1.949048303,3.47362798,3.064369648,3.060684,2.495830216,18.24389885,14.48081432,48.38284416,3.160103099,0.466024442,1.202820999,-1.786217638,2.395220179,3.207092237,3.242962135
17.07073201,0.404171343,3.031707257,3.031707257,842.4290517,81.55381547,0.312803966,1.924466729,3.504555886,3.107953376,3.102734755,2.472468512,17.05851248,13.62089413,44.83892771,3.228050934,0.404171343,1.032454658,-2.152901485,2.626879611,3.216238044,3.24393054
26.34430415,0.449108368,2.866760184,2.866760184,263.6833563,27.3013008,0.383102631,1.349598641,4.133912561,3.068407194,3.065049258,1.852408343,26.20508152,17.9076724,68.22914301,3.819081006,0.449108368,1.20794786,-1.911613528,2.626086826,3.208141167,3.243209551
17.97842156,0.345551191,3.023451829,3.023451829,714.8159997,71.5553597,0.246885522,2.244711778,2.844339204,3.14089675,3.136423806,2.691236438,17.91370566,14.27668662,51.23395956,2.63709257,0.345551191,0.858692189,-2.178648176,2.484858452,3.223613536,3.244876941
17.1622693,0.470562103,3.016343924,3.016343924,992.2187491,93.05315579,0.349106809,1.845698078,3.657204503,3.093158826,3.087592125,2.414259883,17.1846505,13.55467795,44.56671579,3.360911742,0.470562103,1.113367444,-2.062138053,2.60784671,3.212498517,3.242996598
24.19894314,0.419505238,2.927878125,2.927878125,340.0636621,35.30808639,0.347192605,1.261997122,4.135571255,3.086837771,3.083634961,1.472568275,24.0879704,17.02478644,61.36132327,3.86007885,0.419505238,1.1238179,-2.058320173,2.701958611,3.212187293,3.243689728
16.88173401,0.356584362,3.018715954,3.018715954,773.7008467,73.7699013,0.245660307,2.241778123,2.826887867,3.14299827,3.138262252,2.688536601,16.84584739,13.75822422,47.97780512,2.596179435,0.356584362,0.851277331,-2.199664554,2.490595396,3.223872441,3.244739421
21.29004863,0.331741801,2.995417371,2.995417371,388.7726811,41.71622717,0.259270171,1.49837024,3.703467737,3.130891347,3.127612078,1.987485971,21.19944159,15.8569008,55.22595464,3.484641211,0.331741801,0.908772589,-2.28438361,2.73493195,3.221959815,3.245038299
16.92854159,0.342318244,3.022219676,3.022219676,769.9895171,73.85234499,0.235998878,2.340128761,2.62546771,3.147274312,3.142632498,2.750417758,16.88476424,13.8067153,49.34931085,2.412710035,0.342318244,0.825054116,-2.186390282,2.426003693,3.224899928,3.244946667
14.0392365,0.511591221,3.057192135,3.057192135,1421.432523,125.7146391,0.354573513,1.232848031,4.385728585,3.093690272,3.088042443,1.44054745,14.09532977,11.39618718,33.12300731,4.092563782,0.511591221,1.123874422,-2.268788008,2.837968164,3.212214239,3.242507961
43.79694632,1.386044083,2.513361889,2.513361889,299.709248,35.76989606,0.901058424,0.869926119,6.043128851,2.858207542,2.84328639,1.3439581,44.0380366,23.20956634,109.9868578,5.257727064,1.386044083,2.100211193,-1.404878091,2.58320971,3.15462417,3.230260026
19.12329623,0.730804963,2.911539287,2.911539287,817.174171,80.73932244,0.578232947,1.374859882,5.006192463,2.983951786,2.976140728,2.064351852,19.22197806,14.41613044,43.63014864,4.484947102,0.730804963,1.583840105,-1.725982656,2.647704663,3.187389917,3.239030324
19.44662364,0.43818743,2.964594284,2.964594284,556.9709936,59.06294389,0.375732635,1.722496645,3.884051063,3.071586103,3.068379162,2.319659559,19.41869455,14.94252089,49.31553191,3.57077267,0.43818743,1.188556227,-1.892403512,2.566387512,3.208922679,3.243370334
18.08083302,0.450269672,3.002427482,3.002427482,754.2784825,74.20008566,0.36519672,1.70069188,4.030240466,3.080241068,3.075908935,2.316096147,18.06587955,14.1296156,44.68306337,3.721717222,0.450269672,1.157630981,-2.030950282,2.661799521,3.210335371,3.243225917
18.97128694,0.484795486,3.013087239,3.013087239,889.4507108,87.58818136,0.387158623,1.747897263,4.05550137,3.07122706,3.066184375,2.357374673,18.97618467,14.37519953,47.64977303,3.732091632,0.484795486,1.20370838,-1.987864822,2.642452357,3.208031679,3.242715377
14.65991084,0.504534543,2.764218938,2.764218938,236.1483543,27.7257702,0.405684936,1.878099956,3.549430887,3.061028651,3.056718336,2.441891134,14.70110819,13.11355063,36.38669456,3.214919103,0.504534543,1.245803181,-1.706854884,2.375387156,3.205952608,3.24246225
18.13316498,0.352971069,3.04677549,3.04677549,807.3504111,79.42990853,0.260771293,2.091310573,3.21299522,3.133088992,3.128834331,2.593323669,18.07424362,14.19225589,49.54613303,2.987032702,0.352971069,0.902236133,-2.219565347,2.599931557,3.222003987,3.24474803
17.47032205,0.486603691,2.980345581,2.980345581,690.5146676,72.16600699,0.390644095,1.84720493,3.773795947,3.069394563,3.064273912,2.425646901,17.49650749,13.86537598,44.42495786,3.478604057,0.486603691,1.201617464,-1.951976794,2.562093599,3.207630369,3.242679946
19.20168194,0.404096521,3.025182605,3.025182605,808.0918016,80.65683648,0.315815563,1.940551027,3.544150749,3.104956587,3.100920314,2.490089163,19.16054564,14.64104315,51.02687674,3.272262006,0.404096521,1.044767063,-2.053579438,2.584268899,3.215845454,3.243954959
17.95322048,0.428974935,3.062132418,3.062132418,1107.895655,104.6584977,0.316348672,1.788219938,3.786529056,3.108214865,3.10308829,2.367851353,17.95069282,13.71347425,46.3350072,3.522864942,0.428974935,1.039597046,-2.197393539,2.706512663,3.216043809,3.243620241
18.03629349,0.350115351,2.983210978,2.983210978,485.790565,52.82103765,0.269806086,2.106104965,3.113595358,3.12570507,3.122911779,2.59962433,17.97860991,14.45944632,49.4030244,2.882629827,0.350115351,0.935644424,-2.055700119,2.490299413,3.220842226,3.244811983
18.60180197,0.340181132,3.060700053,3.060700053,855.2985971,84.55855535,0.253234506,2.14174589,3.117343837,3.135833385,3.13207741,2.626795735,18.53882973,14.35833177,51.68320156,2.904362079,0.340181132,0.883236454,-2.230215265,2.582366788,3.22277944,3.244941842
19.10103192,0.454108991,3.060108557,3.060108557,1184.862336,112.9040989,0.326016336,1.859593213,3.770504389,3.105814888,3.099693045,2.432634992,19.10743296,14.17260257,50.31128978,3.468600251,0.454108991,1.060015893,-2.178852469,2.693121935,3.21513582,3.243264245
19.6417259,0.351047512,2.988758305,2.988758305,431.5945486,48.24965422,0.264786756,1.793687817,3.46365325,3.128839241,3.126064127,2.344776468,19.56623199,15.14236189,51.95685292,3.240132342,0.351047512,0.917250007,-2.202489078,2.64835199,3.221458103,3.244813569
18.05481357,0.37767178,3.038048846,3.038048846,871.9513358,84.93379999,0.255689612,2.18180496,3.033253001,3.138326215,3.134196944,2.652559546,18.02368479,14.12851977,50.5628157,2.815030746,0.37767178,0.876437476,-2.207225833,2.547300411,3.222841433,3.244480366
14.18986158,0.479433221,3.087364169,3.087364169,1586.263228,141.9090548,0.319036039,1.278226851,4.350422405,3.112218507,3.106521698,1.653271917,14.25313263,11.19787692,34.20095609,4.090552181,0.479433221,1.02446713,-2.379128795,2.87976419,3.216212619,3.242982316
22.01431912,0.570900362,2.971739602,2.971739602,788.5942352,79.78166959,0.469516149,1.386745818,4.658752377,3.031565267,3.025380347,2.018463961,22.0341547,15.70475433,53.33021581,4.220007006,0.570900362,1.376877468,-1.898931592,2.692886996,3.198944114,3.241370683
21.77751902,0.393883277,3.082051633,3.082051633,961.3392518,96.53964387,0.325489463,1.571008213,4.301613253,3.09825012,3.09409465,2.201806647,21.73130162,15.36957227,54.27175698,4.047324132,0.393883277,1.066899929,-2.258542651,2.819468304,3.214584639,3.244044462
27.11559421,0.470459222,2.96353592,2.96353592,443.5553958,46.56335767,0.413968388,1.20913584,4.610634599,3.051642583,3.04866489,1.667162364,27.02465894,17.9142178,67.48219145,4.268850961,0.470459222,1.270065809,-1.978249606,2.737794965,3.204612077,3.242861016
22.1085126,0.392799913,3.06659683,3.06659683,865.3287006,88.46302489,0.293105437,1.601570767,4.040986225,3.117681184,3.113416729,2.194472503,22.05933041,15.64634462,56.83043307,3.77998787,0.392799913,0.985541831,-2.313420088,2.805071713,3.218482704,3.244159225
18.15197344,0.452442636,3.08997976,3.08997976,1345.560334,125.7337307,0.347641539,1.419442786,4.434066636,3.092093907,3.08665934,2.017736002,18.16482878,13.39092936,44.17744055,4.147720695,0.452442636,1.120175996,-2.26350205,2.844689948,3.212499991,3.243225249
28.04681226,0.54968824,2.990163204,2.990163204,708.3406846,70.25435642,0.483473625,1.09207519,5.064941365,3.018299378,3.014884649,1.535660619,28.01302773,17.98756703,67.75351481,4.670382705,0.54968824,1.405676595,-1.919977248,2.772491857,3.196992194,3.241661246
14.17443883,0.32283483,2.696179239,2.696179239,170.1100065,19.32907664,0.231479923,2.577006019,1.959818791,3.147763775,3.143395529,2.890269984,14.12582083,13.19406254,43.36107577,1.806270959,0.32283483,0.817378621,-1.793999217,1.966873168,3.225253316,3.24520574
13.76463711,0.163505425,2.543022514,2.543022514,71.37198014,8.667967228,0.096642349,3.033828347,0.774617859,3.210218855,3.208101494,3.139841314,13.64040767,13.23363886,49.67541183,0.699604916,0.163505425,0.396260772,-1.780675892,1.313015075,3.23993648,3.247662271
15.73772603,0.522226899,2.552488992,2.552488992,235.9505343,26.15510529,0.40263281,2.261878209,2.722665731,3.066896901,3.060534952,2.701279773,15.78187291,13.86393098,44.72474125,2.407805557,0.522226899,1.221893945,-1.373199784,1.896914973,3.206548006,3.24218206
15.36839693,0.295258137,2.857722692,2.857722692,301.3911325,33.03368117,0.192000249,2.72694348,1.682183917,3.168997589,3.164325664,2.975674959,15.30381027,13.63258823,49.57135388,1.54124235,0.295258137,0.688428265,-1.967689502,1.945690556,3.229760326,3.245659928
24.34569616,1.022262751,2.691791806,2.691791806,310.1615774,42.74470956,0.721050006,1.177186292,5.007046085,2.933687362,2.918947958,1.789998753,24.55495891,16.86811635,58.07153793,4.48120356,1.022262751,1.824209072,-1.653041105,2.607446397,3.173071947,3.234884027
16.77546608,0.266814752,2.859097089,2.859097089,171.0981943,21.28457425,0.227663986,2.176243908,2.53873661,3.142394625,3.140083084,2.629936713,16.67621341,14.33255549,48.22723391,2.365568405,0.266814752,0.831218202,-1.965260915,2.277994337,3.225131774,3.245956696
19.94685902,0.304121462,2.99211445,2.99211445,329.0612144,38.04490201,0.252908717,1.696040143,3.413470144,3.132081099,3.128666916,2.230437087,19.84510633,15.37581681,53.07186856,3.185701448,0.304121462,0.89094033,-2.240937279,2.656440031,3.222468062,3.245390728
16.56397618,0.363920065,2.995756845,2.995756845,674.4927817,66.69258687,0.240260631,2.344266092,2.603412391,3.147609454,3.142235628,2.752174523,16.53275617,13.69430415,48.10208353,2.409639127,0.363920065,0.826287471,-2.141398716,2.392756096,3.224608789,3.244649791
31.47612078,0.467804589,2.768044648,2.768044648,220.2861989,25.07699243,0.398381968,1.911511013,3.574320736,3.061252832,3.057751278,2.472368749,31.34170742,19.79340317,90.02073383,3.251877065,0.467804589,1.234867736,-1.659155209,2.360460056,3.206479387,3.242928922
18.54203298,0.357625639,3.044387249,3.044387249,797.0007756,81.74944238,0.268315875,2.247580484,2.951606186,3.129684577,3.124773039,2.695601072,18.49698945,14.3775876,52.74676674,2.719091025,0.357625639,0.91840846,-2.093979511,2.461992807,3.221154184,3.244648612
21.3567153,0.745753835,2.840037976,2.840037976,545.343524,60.02929495,0.523943135,1.420748163,4.567218644,3.020467406,3.010209502,2.051005425,21.45609965,15.62490959,51.34802937,4.182092491,0.745753835,1.476126792,-1.835912056,2.647865134,3.194138854,3.238955317
23.71527934,0.440622272,2.919573085,2.919573085,301.6752399,34.07266664,0.388037785,1.214082366,4.361538364,3.063618879,3.061179918,1.484438521,23.65368576,16.82320115,58.4682936,4.044124767,0.440622272,1.213509935,-1.965997601,2.690620257,3.207440463,3.243327359
33.80564597,0.257220352,3.0040504,3.0040504,231.8952811,31.51326542,0.220286195,2.246721591,2.853612219,3.145417134,3.143550318,2.694377416,33.59917606,20.47184188,104.1052055,2.663851282,0.257220352,0.811396427,-2.128726486,2.464078457,3.2259197,3.246109643
